{
    "questions": [
        {
            "question": "What will be the output of the following code?int Integer = 24;char String=‘I’;System.out.print(Integer);System.out.print(String);",
            "answer": [
                { "text": "Compile Error", "correct": false },
                { "text": "Throws Exception", "correct": false },
                { "text": "I", "correct": false },
                { "text": "24 I", "correct": true }
            ]
        },
        {
            "question": "Select the Valid Statement",
            "answer": [
                { "text": "char[] ch = new char(5)", "correct": false },
                { "text": "char[] ch = new char[5]", "correct": true },
                { "text": "char[] ch = new char()", "correct": false },
                { "text": "char[] ch = new char[]", "correct": false }
            ]
        },
        {
            "question": "when an array is passed to a method, what does the method receive?",
            "answer": [
                { "text": "the reference of the array", "correct": true },
                { "text": "a copy of the array", "correct": false },
                { "text": "length of an array", "correct": false },
                { "text": "copy of the first elements", "correct": false }
            ]
        },
        {
            "question": "Which of the following is not a Java features?",
            "answer": [
                { "text": "Dynamic", "correct": false },
                { "text": "Architecture Neutral", "correct": false },
                { "text": "Use of pointers", "correct": true },
                { "text": "Object-oriented", "correct": false }
            ]
        },
        {
            "question": "___ is used to find and fix bugs in the Java programs.",
            "answer": [
                { "text": "Dynamic", "correct": false },
                { "text": "JRE", "correct": false },
                { "text": "JDK", "correct": false },
                { "text": "JDB", "correct": true }
            ]
        },
        {
            "question": " Who invented Java Programming?",
            "answer": [
                { "text": "Guido van Rossum", "correct": false },
                { "text": "James Gosling", "correct": true },
                { "text": "Dennis Ritchie", "correct": false },
                { "text": "Bjarne Stroustrup", "correct": false }
            ]
        },
        {
            "question": " Which statement is true about Java?",
            "answer": [
                { "text": "Java is a sequence-dependent programming language", "correct": false },
                { "text": "Java is a code dependent programming language", "correct": false },
                { "text": "Java is a platform-dependent programming language", "correct": false },
                { "text": "Java is a platform-independent programming language", "correct": true }
            ]
        },
        {
            "question": " Which one of the following is not a Java feature?",
            "answer": [
                { "text": "Object-oriented", "correct": false },
                { "text": "Use of pointers", "correct": true },
                { "text": "Portable", "correct": false },
                { "text": "Dynamic and Extensible", "correct": false }
            ]
        },
        {
            "question": " Which of these cannot be used for a variable name in Java?",
            "answer": [
                { "text": "identifier & keyword", "correct": false },
                { "text": "identifier", "correct": false },
                { "text": "keyword", "correct": true },
                { "text": "none of the mentioned", "correct": false }
            ]
        },
        {
            "question": " What is the extension of java code files?",
            "answer": [
                { "text": ".js", "correct": false },
                { "text": ".txt", "correct": false },
                { "text": ".class", "correct": false },
                { "text": ".java", "correct": true }
            ]
        }
    ]
}